Text,labels
上海地区疫情管控措施,1
公司坚持科技创新,1
焦炭、焦煤等燃料价格大幅上涨,1
稳步提升公司研发能力及产品交付能力,1
成本上涨,1
汽车行业周期性波动,1
电价上浮,1
公司精益管理已初显成效,1
新能源行业终端需求向好,1
公司财务费用金额一直居高不下,1
控股子公司玉溪煤矿生产经营组织稳步向好,1
营业收入及毛利额均有提升,1
原料价格上涨,1
通信网络业务实现稳定增长,1
部分运营商的供货价格有所提升,1
延期招标,1
产品销售结构的变化,1
公司主产品阴极铜、硫酸价格同比大幅上升,1
新增风电项目投产发电,1
公司生产经营正常,1
产品销售均价比上年同期有所上涨,1
国际原油价格波动,1
完工项目减少,1
公司光伏设备订单实现历史性突破,1
国际物流不畅,1
员工持股计划,1
经营成效进一步显现,1
氢能城市具体的实施细则落地,1
市场需求变化,1
公司实施的降本增效战略举措取得良好成效,1
联营企业耗用锂精矿产出锂盐,1
产能最大化发挥,1
经济下行的压力,1
管理效率得到进一步提升,1
终端市场进入去库存阶段,1
公司应用案例的增加,1
合资公司前期工作开展,1
核酸检测需求增加,1
公司产品毛利率较低,1
提前进行资源储备,1
原材料价格大幅上涨,1
严控成本和费用,1
减少应收账款,1
北美电商业务整体增速下行,1
公司数据运营业务快速发展,1
铝价上涨,1
盈利能力较上年同期明显提升,1
公司规模增长,1
毛利减少,1
合理调配销售策略,1
铁矿石等大宗原燃料价格同比上涨,1
公司盈利能力增强,1
加强内部管理,1
上网电量增长,1
提高市场占有率,1
精益管理,1
运输成本上涨,1
销售毛利率下降,1
提升了运营管理效率,1
中国境内部分港口运转受限,1
内部协作与竞争意识增强,1
多品种拓展和良好的市场基础,1
焦炭等大宗燃料价格大幅上涨,1
公司与客户方结算进度及回款缓慢,1
上网电量增加,1
深耕主业、聚焦行业的业务发展战略,1
整个行业终端市场毛利率水平受到挤压,1
疫情防控期间的开支,1
加大开拓新能源光伏客户的力度,1
增加高附加值产品的销售比重,1
原材料及能源成本上升,1
短期内部分人员无法正常到岗开展工作,1
国家稀土总量控制计划同比增加,1
产品综合毛利率也稳步回升,1
做好成本的控制,1
精细化运营,1
客户启动调价机制,1
产品结构和技术水平的逐步提升,1
国际原油价格整体呈上行趋势,1
大宗原材料价格居高不下,1
公司黄磷产品销售价格同比上涨,1
市场拓展力度,1
公司重整顺利完成,1
政府稳经济一揽子政策措施落地生效,1
公司主营业务实现稳步增长,1
股权激励,1
线控底盘相关的转向系统、刹车系统、空气悬架业务也取得良好发展,1
大为微电子积极开展业务,1
生产装置配套齐全,1
钢材综合售价下滑,1
公司芯卓半导体产业化项目的逐步推进,1
美元兑人民币升值,1
与上下游客户协同建立柔性化合作模式,1
公司主要产品锂盐、铯盐及甲酸铯租售业务生产经营良好,1
增长幅度超过短纤售价的增长幅度,1
产品结构持续优化,1
全球化采购更具优势,1
影院大面积关停,1
汽车行业产品价格年降,1
圣济堂制药格列美脲片被暂停生产和销售,1
国内疫情的不利,1
抓实风险防控,1
新厂区生产效率提升,1
降控财务费用,1
加大国内市场的调运和投放的力度,1
CDMO行业持续保持较高的景气度,1
社会用电量需求增加,1
汽车产业供应链受到较大冲击,1
民爆器材业务营业收入同比去年大幅上升,1
教育、游戏、地产等行业的数字营销业务同比受到较大影响,1
公司与下游客户形成成本分担机制,1
优选高毛利订单,1
公司积极应对市场变化,1
苏州晶银搬迁扩产的产能释放,1
保证业务订单稳定供给,1
优化经营结构,1
云南省电力供应情况逐步好转,1
季节性波动,1
销售价格的下降,1
工程项目施工量减少,1
市场需求下滑,1
没有集中兑现项目,1
公司一季度售电量及售电单价同比升高,1
公司产品销售均价同比上升,1
企业资金回笼仍受限,1
房地产市场持续低迷,1
原材料供应紧张,1
加强“扬杰”和“MCC”双品牌推广,1
变异病毒传播更加隐匿、速度更加迅速、持续时间更长,1
国内外疫情管控,1
回收效率提高,1
烟标项目招标中未继续中标,1
降低贷款规模,1
物流影响出口效率,1
公司营业规模增长,1
俄乌战争带来的恐慌,1
项目实施、验收等工作有序推进,1
云南索通云铝炭材料有限公司一期600kt/a预焙阳极工程顺利投产,1
全国多地新冠肺炎疫情带来的严峻考验,1
数字化管理增效,1
公司所属亚德公司在施项目合同金额较大,1
整合全球物流资源,1
公司持续完善从战略到执行的全面预算管控,1
原材料价格虽然也在下调，但上半年均价仍大幅高于上年同期,1
持续精准投资,1
生产效率大幅提升,1
航天航空类业务订单充足,1
废钢价格亦一定程度的上涨,1
美元、卢布汇率升值,1
控股子公司湖南华升洞庭麻业有限公司停产,1
氨纶市场需求疲软,1
推行降本增效,1
锅炉行业竞争激烈,1
适用于sub-3GHz的接收端模组产品的市场拓展,1
电量增长,1
需求减少,1
公司在深圳市证券交易所成功上市,1
上下游客户协同建立柔性化合作模式,1
公司所属行业发展态势良好,1
净值下跌,1
全球肥料行业景气度较高,1
公司相关战略调整及创新合作落地尚处于攻坚阶段,1
制造费用的增加,1
水电项目资产收购,1
公司主营产品出口加大,1
开展应收账款保理业务,1
8-12英寸抛光片、外延片出货量加速攀升,1
煤炭价格比上年同期大幅上涨,1
出口订单减少,1
加强应收账款管理,1
院线业务的恢复,1
煤炭价格仍处于较高位运行,1
门店无法正常开门营业和部分区域物流中断,1
强化精益管理,1
相关产品外销同比有一定增长,1
公司主要承接的景观照明工程投资需求及规模缩减,1
军需品订单和防疫应急物资订单承揽量同比大幅增加,1
本期平稳运行无重大事项,1
新成立公司处于建设投入期,1
海外客户对公司产品采购意向持续增强,1
理顺经营机制,1
结算回款进度延后,1
盈利能力同比增幅较大,1
原材料成本上升,1
停工停产损失,1
加强经营管理,1
成本反应存在一定滞后性,1
已售商品房本期达到确认收入条件的比例较小,1
阶段性暂停产品交付,1
租金减免的决策部署,1
公司商业不动产出租稳定,1
BDO等主要化工原材料价格上涨,1
国五切换成国六的排放法规升级,1
无法及时办理项目决算,1
公司订单减少,1
公司六氟磷酸锂生产装置继续保持满负荷生产,1
收入和毛利增长,1
公司产品销售数量增加,1
下游房地产行业调整,1
新增产能协同发力,1
公司积极开拓太阳能光伏组件市场,1
公司订单有所下滑,1
公司投资的部分有线电视合营、联营公司亏损,1
主营业务成本上升,1
国资委“两金”压降工作要求,1
毛利持续上升,1
轻松竖版3D手游,1
下游需求不断增加,1
收到各类政府补贴,1
实体收入增速较快,1
国家在特殊应用领域的投入大幅增加,1
锂盐产品销量逐步提升,1
安全生产,1
下游行业景气度较高,1
调整优化产品结构,1
推进相关工作,1
新能源汽车行业需求增长,1
新增员工人数较多,1
积极降本增效,1
减员提效,1
市场需求持续萎缩,1
欧美地区成品油炼能紧张,1
物流成本提升,1
管理资产规模持续增长,1
产品销售结构及市场竞争格局的变化,1
大宗原料、能源价格上涨,1
公司油气产量同比有所增长,1
原辅材料采购成本同比上年同期上涨较多,1
钢铁原料价格高位运行,1
公司转让部分电站股权,1
商用车产量同比大幅下滑,1
盈利能力提高,1
人员结构进行了优化调整,1
物流运输受阻,1
加强项目交付管理,1
公司产品盈利水平下降,1
公司订单充足,1
效益增长较好,1
综合竞争力不断提升,1
销售产品业态变化,1
加快与客户结算进度及回款速度,1
施工进度延滞,1
上海等部分分支机构甚至无法正常开展经营,1
国内动力市场收入比重持续上升,1
良好的发展环境,1
工艺优化,1
建筑等行业客户对公司产品需求下降,1
产品规模进一步扩大,1
上海市出现较为严重的新冠肺炎疫情,1
计提坏账准备,1
销售结构优化,1
产能释放效应显著,1
加强产供销协同和团队精细化运营,1
天然气采购成本比上年同期上升,1
候选人无法如期入职,1
地方财政收入下滑,1
公司资产负债率较高,1
降低交易成本,1
整体市场动销良好,1
公司销售收入和产品销售单价均有所下降,1
化工产品及磷矿石毛利率同比增长,1
给公司生猪养殖带来了双重压力,1
产能扩大,1
公司半导体材料业务产能规模持续提升,1
重点市场开拓,1
合作生态和服务网络的赋能,1
综合毛利率下降,1
细化订单利润测算,1
优化研发与销售团队,1
折旧摊销及财务费用较上年同期增加,1
人民币兑美元汇率升值,1
公司处置部分股票,1
主营业务的主要产品量价齐升,1
新项目产能释放,1
原材料成本维持高位,1
加大市场拓展力度,1
人工成本增加,1
上海市突发新冠疫情,1
原材料价格上升,1
公司盈利能力持续提升,1
公司所处的信息技术应用创新为代表的基础软件行业快速发展,1
高铁动车上线运行数量及平均每组行使里程均明显减少,1
公司从2021年开始全面聚焦于特殊应用电子和特殊应用材料领域的布局和发展,1
国内外复杂多变的经济环境,1
部分地区物流不畅,1
行业供应紧张状况得到一定缓解,1
太阳能组件销售量同比大幅增长,1
疫情影响的地区采取对人员进行封控,1
国内工程机械行业处于下行周期,1
原料价格上升,1
新项目的立项及开机中继续采取聚焦策略,1
收入的增长,1
公司提高了部分员工的薪酬待遇,1
长白山景区游客数量大幅下降,1
参投基金部分上市项目股价下跌,1
手机、笔记本订单增加,1
油价持续大幅波动,1
创新服务模式内容,1
不同产品结构占比变动,1
极度不利的外部环境,1
国际油价持续攀升,1
化工行业大环境,1
市场对锂盐的需求强劲,1
突出价值创造,1
汽车芯片短缺,1
公司产品售价虽呈现上涨趋势,1
我国结构力学性能测试行业国产替代需求持续稳定增长,1
燃煤价格居高不下,1
转让控股子公司名城地产（福清）有限公司股权确认大额投资收益,1
优化科研管理,1
国家“双碳”政策的宣贯,1
原材料本期采购成本较上年同期大幅上涨,1
公司餐厨废弃物资源化产品废弃食用油脂价格高涨,1
市场持续低迷,1
液晶基板玻璃各产线运行稳定,1
下游需求旺盛,1
公司株洲航电所在流域来水量较去年同期相比大幅增加,1
公司相关半导体设备研发成功后获得了客户的广泛认可,1
持有的金融资产因其公允价值降幅较大,1
疫情反复冲击,1
上海等地新冠疫情防控,1
减免租金,1
公司2021年半年度净利润增加,1
公司再生铝及铝灰渣综合利用项目工艺持续改进,1
公司产品销售订单和销售单价均同比下降,1
制造成本增加,1
意大利MCM公司部分订单交付延迟,1
传统红外截止滤光片竞争激烈,1
公司新产品、新工艺的研发投入加大,1
公司在新能源汽车、消费电子等业务领域经营质量进一步提升,1
疫情防控,1
公司预计来源于小米、华为等客户的收入规模有所下降,1
公司全资子公司金时印务在2022年湖南中烟进行的烟标项目招标中未继续中标,1
多元化供应链布局,1
产品销售收入减少,1
对取样耗材、核酸提取试剂等带来销售拉动,1
赖氨酸产能释放,1
铝、铜等大宗原材料及芯片价格较去年同期有所上涨,1
公司新材料业务板块的核心产品六氟磷酸锂市场需求旺盛,1
新机销量下滑严重,1
新建产能的释放,1
细化工作措施,1
行业及公司下游客户需求滞后,1
供应链原材料价格上涨,1
各氢能城市具体的实施细则落地,1
公司所在行业的下游电池生产商加大生产力度,1
主动抓住市场机遇销售产品,1
智芯业务国产化顺利推进,1
公司所持SES的股份被动稀释,1
超声业务收入稳健增长,1
公司主营产品牛磺酸生产经营情况良好,1
管理流程再造与改善,1
新订单的顺利执行,1
国际地缘风险持续升温,1
公司教研端课程深化改革成效显著,1
主营收入上升,1
优化经营效率,1
营业收入增加,1
市场和渠道的不断开拓,1
下游客户需求下降,1
市场回暖,1
增收降本,1
供应链模式创新,1
酒粮业务销量持续增加,1
新型冠状病毒疫情,1
调整销售政策,1
保障产品供应,1
低迷的市场需求,1
公司优化资产结构,1
巩固公司在行业内的优势地位,1
收入和毛利的增长,1
锌市场加工费价格同比下降,1
经营现金流大幅改善,1
公司在相关专用成形装备领域持续研发的优势得以体现,1
资源类上游产品需求持续旺盛,1
聚焦客户需求,1
公司继续加强企业管理,1
期末产品库存成本高于售价,1
产品的迭代更新效果在报告期逐步显现,1
公司生产经营全面恢复但产销量仍较低,1
公司全体员工齐心协力，努力进取,1
公司目前正处于业务转型期,1
美联储大幅加息,1
钢价的稳定,1
强化“医疗+医药”内涵建设和竞争力提升,1
上海新冠疫情爆发,1
柔性化合作模式,1
公司下游矿山工程、川藏铁路等基建工程快速复苏,1
公司产品及品牌的溢价能力增强,1
锂离子电池隔膜行业保持良好发展趋势,1
疫情对公司部分重点地区经营造成影响,1
产品结构持续优化升级,1
加大汽车内饰市场开拓力度,1
生产设备折旧、房租、人工费等固定成本仍较高,1
医保控费,1
新能源产业快速发展,1
科学合理安排生产与交付,1
国家集采常态化,1
客户的广泛认可,1
公司装备类业务出现订单交付延期或项目进度不达预期的情形,1
较大非经常性收益,1
非堂食业务不放松,1
开工率不足,1
宏观销售环境相比今年第一季度已略显好转,1
资本开支的持续投入,1
大客户新产品项目持续落地,1
海内外基础设施投入不断加大,1
停工停产,1
公司所处行业竞争加剧,1
疫情管控,1
主要产品销售量下降,1
毛利率改善,1
光伏装机超预期,1
油气装备市场需求旺盛,1
提升费效比/投入产出比,1
全面改善经营,1
国家对氢能示范城市群奖励的政策出台,1
出货量同比增长,1
全球物流供应链滞阻,1
营业收入的增长,1
结算电价上涨,1
产品价格降低,1
实施控费措施,1
汽车销量下滑,1
准时和成功交付率的持续提升,1
快速反应和满足下游客户需求,1
动力电池市场头部客户的需求,1
提升产品市场渗透率,1
促进种子销售,1
上游原辅料价格上涨,1
行业的持续扩张,1
相关成本和费用处于正常支出状态,1
加大开拓海内外市场力度,1
公司煤炭、尿素等主导产品价格保持高位运行,1
经营性利润增长,1
降费降耗,1
全面对标先进,1
稳定供应,1
客户进行了产品价格的平衡性调整,1
调整经销商结构、终端服务方式及销售模式,1
产品、客户结构持续优化,1
应收账款坏账准备金计提冲回,1
打印行业芯片业务新推出高价值产品,1
公司整体经营保持稳健,1
公司主要产品参麦注射液参与的中成药省际联盟集中带量采购未中选,1
新增了办公室租赁面积,1
部分贷款逾期产生大额罚息,1
参与定增项目的股票及黄金积存金投资公允价值变动,1
公司MaaS地图服务收入提升,1
尚未形成规模量产,1
批量销售,1
SQM2022年半年度业绩同比大幅增长,1
原材料价格等成本上涨,1
公司所投资标的产生的公允价值变动,1
政府补助增加,1
竞争优势不断巩固,1
消费市场低迷,1
船舶产品进度款增加,1
公司大量引进人才,1
油气行业市场需求回暖,1
产品结构进一步优化,1
公司调整市场与产品结构,1
公司房产项目交付量和交付项目的利润水平低于上年同期,1
大宗原材料价格同比上涨,1
需求下降,1
湿法锂电池隔离膜产能持续提升,1
渠道拓展投入,1
多晶硅产品需求旺盛,1
原材料铝锭价格大幅下降,1
公司销售额减少,1
欧美等海外市场需求旺盛,1
公司紧抓落实实验室产能提升,1
公司锂电正极材料新一代产品快速形成规模化应用,1
部分项目停工,1
应收账款保理业务,1
原材料价格保持高位,1
通货膨胀,1
公司自有切片产能的逐步释放,1
价格（含税）维持在10000元-12000元/吨之间波动,1
组织协同和管理协同,1
公司主要产品销售价格继续维持高位运行,1
综合毛利率有所下降,1
成都轨道交通线路建设进度,1
公司产能提升,1
常态化的疫情管控措施,1
硅料、硅片、电池片及部分辅料价格上涨,1
筑牢风控防线,1
技术研发与客户认证,1
国际市场需求较为旺盛,1
公司紧密围绕着战略规划目标和年度经营计划,1
毛利率较高的驻外融合生产模式业务占比下降,1
外汇汇率波动,1
客户需求旺盛,1
需求持续向好,1
整体投资环境,1
整体盈利能力有所提升,1
消费电子市场低迷,1
能源保供需要,1
渠道拓展及下沉深耕,1
产品价格同比上涨,1
葡萄酒、降解新材料业务营业收入大幅下滑,1
新能源、汽车轻量化领域中锂电池铝箔、电池壳、电池托盘、水冷板、汽车板、乘用车铝部件、商用车铝材等需求旺盛,1
客户供应链体系调整,1
公司前次募投项目基本达产,1
流动资金借款较上年同期增加,1
销售促销力度加大,1
市场需求出现异常,1
高毛利产品销售结构占比有所提高,1
公司“内外双攻”战略的贯彻与实施,1
饲料原料采购价格上涨,1
处理水量减少,1
煤炭成本高位运行,1
新市场产品订单增加,1
公司持续追加对光电显示材料相关产线和产品的研发投入,1
原材料价格与运输费用上涨,1
汽车行业表现不佳,1
公司的生产经营、物流运输特别是原材料的供应受到较大冲击,1
毛利率的提升,1
公司产能规模扩张,1
美元兑人民币汇率的逐步趋稳,1
国际原油价格持续上涨等因素影响，资源类上游产品需求持续旺盛,1
全球供应链发生严重迟滞,1
各项费用相应增加,1
手机行业的市场需求不景气,1
收回了部分应收账款,1
公司可转债募投项目――年产10万吨玻璃纤维高端制造项目逐步达产、稳产,1
产品材料价格大幅上涨,1
公司全面提升运营效率,1
柔性化生产效果持续显现,1
公司积极扩大生产研发规模,1
营业收入同比持续增长,1
区域封控,1
化工行业总体景气度延续,1
行业口碑的建立,1
公司民爆器材、硝酸铵、复合肥产品销售价格及销量同比均有所上升,1
公司经营情况预计不会发生重大变化,1
境内外客户需求增长,1
广润福园等房地产项目正处于销售期,1
加强能力建设,1
中国部分地区新冠疫情反复和国际物流成本继续高企,1
新冠肺炎疫情反复,1
防控措施不断收紧,1
新冠肺炎疫情形势较为严峻,1
公司客户结构调整,1
公司太阳能封装胶膜业务增长,1
营业收入中高毛利率的开关类、自动化类等产品收入占比下降,1
多晶硅还原炉和冷氢化用电加热器产品销售收入与盈利能力同比大幅增长,1
加快自动化进程,1
参股公司尚处于研发投入阶段,1
市场供求关系的改善,1
子公司期货投资亏损,1
抢抓下游客户扩产契机,1
5+N组织体系规模进一步扩大,1
停工停产时间较长,1
综合毛利率同比增加,1
公司产能规模进一步扩大,1
运营效率明显提升,1
公司主营业务产品产销量均有大幅度提高,1
深化精益管理,1
公司成本控制,1
人民币兑美元汇率波动,1
规模效应得以进一步显现,1
订单需求继续保持增长态势,1
销售的不同产品结构占比变动,1
加大对在线游戏的投入,1
单产品双基地生产保供策略,1
行业调控政策,1
煤炭、天然气价格仍旧高企,1
公司抓住机遇加大销售力度,1
公司两大主营业务稳步发展,1
新增物流设施投入运行,1
管控生产成本,1
新能源汽车市场渗透率大幅提升,1
生产效率下降,1
信息技术应用创新为代表的基础软件行业快速发展,1
周期性停工检修开工不足,1
强化市场开拓,1
做好防疫和生产“双线”战役,1
公司项目施工进度缓慢,1
部分业务的投标活动受到较大影响,1
转让参股子公司股权事项,1
环境电器业务市场较为平稳,1
销量有所下降,1
原油价格上涨,1
欧洲市场出现配件供应紧张,1
产销量及利润大幅增加,1
城桥镇2#地块商品房项目销售收入也大幅下降,1
公司产品结构的不断优化,1
经营质量进一步提高,1
公司收回对外投资,1
上网电量较上年同期增加,1
积极开拓市场,1
部分稀土商品的市场价格较上年同期上涨幅度较大,1
国际局势动荡,1
疫情封控政策,1
对我司各地的产销供应均产生较为严重影响,1
公司的管理水平和运营效率进一步提升,1
煤炭市场价格高位运行,1
全球能源供需格局改变,1
科研生产任务与日俱增,1
疫情反复变化,1
公司管理水平进一步加强,1
资本市场波动,1
升级用户体验,1
积极拓展市场,1
部分产品高纯碳酸钡、碳酸锶、高纯碳酸锶销售量上涨,1
科学管控成本,1
公司收入下降,1
开展提质增效专题行动,1
检测效率提升,1
国内外市场低迷,1
费用投入增加,1
"全球通胀加剧等影响,公司产品的主要原材料价格居高不下",1
供应链停滞,1
海外市场业务持续表现活跃,1
公司营业收入增加,1
影片调整发行上映计划,1
原材料保供及成本控制方面取得一定成效,1
公司所辖路段内的车流量同比减少,1
珠海广联、晋城广联、南昌广联、景德镇航胜等子公司在各地对航空航天零部件加工制造能力的建设,1
公司上个会计年度对苏州赛安电子技术有限公司计提8200万的资产减值损失,1
加大广告宣传与营销活动推广力度,1
下游需求不振,1
公司合肥组件大基地高效大尺寸组件产能不断投产,1
发电量增加,1
股权公允价值上升,1
优化产业布局,1
煤炭价格持续高位运行,1
国内海外业务同步推进,1
公司生产设备检修较集中,1
产销量同比大幅增加,1
防控暂时无法返回住所的保供人员优先提供酒店住宿,1
五轴联动数控机床在多行业领域的市场需求旺盛,1
公司各业务板块持续稳健经营,1
小品种板块产品持续增量,1
加快先进耗材扩产,1
智能手机出货量增速“前高后低”,1
营业收入同比下降,1
风电行业进入平价时代,1
仿制药质量和疗效一致性评价奖励,1
新招聘大量营销及技术服务人员,1
结利项目毛利水平较上年同期有所下降,1
公司物流板块中航运业务代理航线的运费及非自有船舶运费收入同比增幅明显,1
公司主营业务毛利率较低,1
业务结构不断优化,1
公司主要产品的销量与2021年同期有所增长,1
公司将会采取更多积极的方式应对,1
售价小幅上涨,1
上海制剂生产及销售不达预期,1
疫情和宏观环境带来的困难和影响,1
盈利能力大幅提升,1
重卡市场需求萎缩,1
公司提升经营效率,1
旅游市场收缩,1
限制人员聚集、流动及限制物流运输等疫情防控政策,1
公司过去几年在高端彩超、高清内镜领域的持续研发和市场投入逐渐获得产出,1
企业实际需要，公司对所属矿井调整安全费用提取标准,1
创新合作落地尚处于攻坚阶段,1
产品结构调整,1
市场订单增加,1
硅料销售的量利齐升,1
聚醚毛利率有所回升,1
公司设备与材料两大业务板块持续发展,1
员工出差、客户接待、项目协调等关键性经营工作全面受阻,1
产能规模优势凸显,1
回款期限延长,1
产能有效提升,1
先进微电子装备(郑州)有限公司及其全资子公司ADT公司纳入公司合并报表,1
公司在手订单的收入确认周期与进度,1
西北稀有金属材料研究院宁夏有限公司净利润比去年同期增长,2
公司在高端人才、技术服务人员等方面加大投入,2
清洁能源、新能源汽车快速发展,2
生猪销售价格较去年同期大幅下降,2
推进市场化精益化“两化融合”管理工作,2
充分释放装置产能,2
公司主要产品处于周期性的景气通道中,2
开发优质项目,2
供应链管理的优化,2
激光器下游设备集成商开工率不足,2
新冠核酸检测试剂市占率持续走高,2
“冰洗空冷厨”全品类布局的新产业格局,2
先进前驱体材料业务,2
公司调整管理模式,2
费用率有所下降,2
公司的参股企业本期经营亏损增加,2
金融市场出现较大波动,2
智能电视平均尺寸增大,2
新冠抗原快速检测试剂盒产品在2022年一季度销售同比增长,2
新冠肺炎疫情管控,2
产品原材料自产率不断提升,2
公司未能正常开展经营活动,2
行业景气度延续,2
产品价格上涨,2
国内疫情多点散发,2
公司精密加工类业务保持了稳定的持续增长态势,2
设备出口销售额大幅增加,2
资产质量不断优化,2
公司收入及产能出现明显下降,2
产能的释放,2
智能手机总体需求下降,2
欧元持续贬值,2
捕捞产量增长,2
折旧摊销、材料费、能源费、人员工资等也随之增加,2
坚韧、稳定的保供表现,2
公司品种不断丰富,2
物流运输的不确定性,2
会计估计变更,2
公司电池级氢氧化锂出货数量及销售金额较上年同期大幅增长,2
发电机电源系统配件及新能源电驱动产品市场需求稳步增长,2
经营效率得到提高,2
新能源装备市场需求旺盛,2
行业发展趋势，公司积极进行研发升级与产品技术迭代,2
加强市场销售及推广工作,2
澳洲子公司售电单价上涨,2
大力拓展新能源材料应用场景,2
主营产品的销量及收入同比增加,2
公司对外扩大销售,2
公司开发销售业务稳步推进,2
美国上半年CPI高涨,2
优化调整市场和产品结构,2
新产能释放,2
在手订单充足,2
加快产品更新迭代,2
投入项目产能释放,2
公司持有的外汇实现汇兑收益,2
订单量快速增加,2
公司主营业务发展态势良好,2
管理层采取了有效经营管理措施,2
新增固定资产折旧增加,2
产品毛利率下降,2
保持了较高的生产负荷,2
终端订单量下降,2
对染料的需求也所有下降,2
成本有所上涨,2
产品自动化生产线投产,2
上游原材料自供能力强化提升,2
公司内抓管理,2
主力门店重点打造“产品+服务+场景”新格局,2
期末应收账款余额增加,2
存货增加,2
公司主业板块的产品销量增加,2
与上海基地实现1+1>2的规模集成优势,2
所持其他非流动金融资产期间股价下跌,2
产品供不应求,2
市场环境变化,2
有息债务金额过大,2
新增CMO业务,2
公司产品的主要原材料价格持续高走,2
新冠肺炎疫情防控形势复杂严峻,2
加大市场开拓,2
公司的可持续发展,2
公司经营情况良好,2
新型冠状病毒疫情反扑,2
公司主营产品中集成电路靶材和稀土系列产品产销量增加,2
海外市场的全面恢复,2
下游市场需求恢复,2
原材料价格有所回落,2
会计处理,2
调整产品品种配置,2
营运费用、折旧摊销费用等需正常支出,2
公司主营业务产品碳酸锶、金属锶等市场价格延续上年行情,2
新产品、高附加值产品比例不断增加,2
公司产能和业务规模扩大,2
国内市场需求增加,2
聚焦五大核心品类：辣卤零食、深海零食、烘焙、薯片以及果干,2
交通枢纽门店和学校类型门店客流严重下降,2
补助政策取消,2
推进非公开项目建设,2
地市下沉,2
产品盈利能力增强,2
双氧水装置试生产运行稳定产品质量合格,2
零售行业竞争激烈,2
降解新材料物流受限,2
公司产品市场需求旺盛,2
新能源汽车及储能市场的快速发展,2
国外主要客户供应链结构调整,2
美元兑人民币汇率波动,2
鳗鲡存塘数量减少,2
广西募投项目的投产,2
各项成本费用较上年同期有较大的增长,2
资产减值损失的减少,2
“双碳”时代可再生能源需求增加,2
新能源汽车行业的快速发展,2
提高了员工薪资待遇,2
锂盐产品的需求持续增长,2
原材料及运输费高企,2
疫情的反复,2
公司化工产品的产销情况基本正常,2
外部环境未发生变化,2
公司下游客户需求迟延,2
提升公司产品竞争力和服务满意度,2
正在建设中的子公司管理费用上升,2
房地产客户工程项目施工量减少,2
募投项目稳步推进,2
核工业进入快速发展期,2
企业所得税退税,2
原油价格持续上涨,2
市场情况动态调整经营及销售策略,2
市场需求回暖,2
一体化综合服务的能力,2
疫情影响等诸多不确定性因素,2
原材料价格持续下滑但波动幅度不大,2
零售业绩的下滑,2
西安、深圳、上海先后受到疫情冲击,2
乘坐高铁动车出行人数的持续减少,2
扩大产销规模,2
体验式营销,2
未达满租状态,2
原材料价格持续下滑,2
液晶面板行业竞争加剧,2
与下游客户保持着良好的合作关系,2
宏观经济和行业监管政策变化,2
人民币兑日元汇率升高,2
公司与上下游客户协同建立柔性化合作模式,2
公司实施司法重整,2
人员、物流受阻,2
加强应收账款回收和现金流管理,2
深化全产业链垂直一体化协同,2
外拓市场,2
施工进度有所滞后,2
长时间的疫情封控政策,2
全球通胀加剧,2
原有生产基地技改产能释放,2
化工产品及磷矿石销售单价持续上升,2
双方最终不得不终止合作,2
宏观经济增速放缓,2
产品结构的变化,2
氢氧化钾市场价格上升,2
国内外铝价同比大幅上涨,2
聚乙烯醇（PVA）、醋酸乙烯（VAC）等主营产品量增价涨,2
建筑玻璃原片价格持续下降,2
用户需求下降,2
优秀合作伙伴,2
加强市场开发力度,2
公司重大资产重组完成,2
原材料采购成本处于高位的不利,2
新能源及节能环保领域的市场机遇,2
俄乌战争等国际形势动荡,2
公司生产效率整体得到提升,2
家具产品消费需求受到抑制,2
合理调配各种资源,2
甜菊糖售价和收入同比增长,2
优化融资结构,2
技改和优化管理,2
计提信用减值准备,2
公司锂电材料板块业务同比增幅较大,2
数据中心客户流量需求的增长,2
医疗新基建,2
停业装修升级改造,2
降本节支,2
景观照明行业竞争不断加剧,2
公司优化调整销售网络体系,2
国家集采政策带来的快速商业化放量机遇,2
制造业转型升级,2
防范债务风险,2
经营效果未能达到预期,2
处置2艘老旧船舶,2
飞机需维修及重新注册,2
公司研发、销售及管理人员等的数量均有所增加,2
销售均价同比上涨,2
海运价格大幅增长,2
新增管理费用,2
优化市场结构,2
员工专业技能培训,2
400G和200G等高端产品的出货比重增加,2
全球新能源汽车景气度提升,2
加强原材料集中采购,2
商用车市场持续低迷,2
精益管理持续增效,2
确认利息收入,2
营业收入规模增长,2
越南铅H工厂生产恢复正常,2
数字地球成为数字经济的新底座,2
国家、地方多重拉动汽车消费政策,2
公司出售北京北陆药业股份有限公司可转换公司债券,2
参股公司经营业绩同比增长较快,2
市场需求增长,2
业绩不达预期,2
销气毛利大幅增长,2
公司实施重大资产出售,2
公允价值变动,2
电机能效升级,2
我国光伏行业继续保持增长势头,2
下游客户的持续扩产,2
终端消费需求不足,2
市场环境下行,2
下游客户对锂盐的需求强劲增长,2
公司电池化学品业务加强与战略客户的紧密合作,2
已计提的坏账准备转回,2
公司EGR版块业务继续保持稳步增长,2
确认股份支付费用,2
渠道力的竞争优势凸显,2
磁性材料产业整体业绩提升,2
降本增效成果显著,2
贷款规模有所降低,2
采取增效措施,2
增加了部分固定费用和刚性支出,2
为玩家提供更多精品游戏,2
汇兑收益较上年同比有所增长,2
联营企业耗用锂精矿产出锂盐并销售,2
公司无缝业务增长较快,2
公司极开拓主营业务,2
政府疫情防控,2
公司产品销量暂未达预期,2
收到政府补助,2
国家适度超前开展基础设施投资政策,2
短期内汽车产销出现较大波动,2
精细内部核算,2
大宗原料、能源价格持续上涨,2
公司主要银行账户仍处于司法冻结状态,2
疫情等不利影响,2
下游开工率也受到较大承压,2
采购有一定原料储备,2
海运费“暴涨”,2
国际国内疫情反复,2
行业产销进入下行周期,2
产品成本上升,2
铝锭、端子、塑壳、热保护器、能源等原辅料成本与上年同期有较大幅度增长,2
狠抓煤质管理,2
营业收入稳中有增,2
原材料、天然气、煤炭等价格普遍上涨,2
全资子公司重庆双象超纤材料有限公司处于试生产阶段,2
美涉疆法案“维吾尔强迫劳动预防法”生效,2
外部环境以及公司发展阶段中所经历的阶段性业绩波动,2
铁路产品市场需求持续改善,2
新并购公司收入在报告期体现,2
新增产能逐步达产,2
产能利用率和运营效率的持续提升,2
公司燃煤价格居高不下,2
主要原材料价格的上涨,2
公司主要产品的市场需求减少,2
国内生猪价格整体仍处于低位,2
降低了生产成本,2
非经常性损益项目对利润总额的影响主要有：公司所投资标的产生的公允价值变动,2
小核酸业务和新冠药物中间体业务推进顺利,2
国内渠道业务取得快速增长,2
广告市场需求疲软,2
物流效率降低,2
含氟冷却液（氟化液）顺利通过行业知名客户认证,2
勤俭办企,2
增强发展后劲,2
业务拓展,2
营业收入的强劲增长,2
公司主营产品连杆及其他工业产品销售下滑,2
资产减值损失,2
产品品质达到用户要求,2
以正极材料为代表的原材料价格大幅上涨,2
碳酸二甲酯增产提质系列技改项目,2
公司各项费用较去年同期增长,2
国内外居民消费需求大幅下降,2
优化营销渠道,2
人民币汇率变动,2
员工股权激励成本进行摊销,2
润滑油业务物流受阻,2
大尺寸产品占比提升,2
国际石油贸易路线发生了改变,2
有利市场行情,2
提升经营管理效率,2
内容供给不足,2
客户需求量增加,2
PET夹芯复合材料下游客户生产计划延迟,2
全球新冠疫情反复,2
处置新疆中通客车有限公司股权,2
技术引领价值凸显,2
风电整机中标价格大幅下降,2
新能源汽车、风电、绿色家电等领域发展势头向好,2
对公司生产经营活动造成不利影响,2
泛半导体材料业务持续发力,2
跨地区物流受限,2
公司加大研发投入,2
管理层离职,2
部分融资涉诉,2
贸易板块趋利避害求发展,2
国内大宗化工原料价格上涨,2
主要客源地上海及周边疫情外溢冲击,2
优质产能进一步释放,2
公司冲压零部件业务成本上升,2
盈利能力较同期有所提高,2
推行全面预算管理,2
上海市新冠疫情封控政策,2
欧元汇率的大幅贬值,2
原材料价格的持续下降,2
公司优化生产工艺,2
广告主缩减广告投入,2
营业收入较上年同期增加,2
交通及物流受阻,2
盈利趋于上升,2
工业品原材料供应短缺,2
公司主要产品销售价格较上年同期大幅上涨,2
公司海外订单量增加,2
公司加大市场开拓力度,2
公司落实外拓市场,2
终端销量和毛利率提升,2
国际政治局势动荡,2
降本提效,2
超市业态也受极大冲击,2
公司出口订单减少,2
公司部分原材料供应不畅,2
整个锅炉行业竞争激烈,2
积极落实煤炭增产保供,2
公司航空、能源装备等下游市场客户订单充足,2
高纯碳酸钡、碳酸锶、高纯碳酸锶销售量上涨,2
公司煤炭售价同比上涨,2
单位成本里固定成本和人工费用明显上涨,2
国内疫情反复,2
股权激励股份支付,2
合同资产同比增长,2
光缆销售价格同比上涨,2
公司持续加大研发投入,2
长期股权投资在合并层面按公允价值重新计量,2
销售收入增长,2
煤炭价格大幅上涨,2
新能源光伏业务板块：（1）210产品先进产能加速提升,2
优化公司资产结构,2
公司产品销量增长,2
美金兑人民币汇率的波动，公司也积极做出了应对策略,2
下游需求收缩,2
较高的固定资产折旧、摊销,2
生产线在报告期内停工改造,2
公司形成了较强的抗风险能力,2
设备交付能力增强,2
鼓励采购国产设备等相关政策,2
交易电价政策调整,2
公司的LNG贸易业务盈利空间相应出现下降,2
国家政策驱动,2
公司产品主要原材料价格上涨,2
创新合作落地尚处于攻坚阶段，加之受新冠疫情,2
发挥核心竞争优势,2
公司大规模智能化制造,2
订单减少,2
招聘高素质人才,2
产供销协同效率的不断提升,2
稳健经营,2
公司加大市场政策支持力度,2
长三角地区的汽车零部件供应链体系受到不利影响,2
人员流动的相对减少,2
产销规模增长,2
提高生产效率和产品一次性收率,2
公司环保业务竣工验收推迟,2
公司对所属矿井调整安全费用提取标准,2
提升管理效率和运营效益,2
新设立子公司前期固定成本费用的投入,2
稳价保供,2
整合上下游资源,2
缓解下游客户成本压力,2
新材料行业保持良好发展趋势,2
费用上升,2
能源和化工材料价格上涨,2
深化市场建设,2
钢铁下游行业需求减缓,2
推进精细化管理,2
提升运营效率,2
订单增长,2
大宗材料及芯片等电子元器件价格上涨,2
严格的防疫政策,2
公司加大行业深耕,2
环保限产,2
公司股票交易量放量,2
煤炭价格波动,2
大量已招标项目进入开工期,2
处置固定资产、取得政府补助等非经常性损益金额较大,2
兽药募投项目和热电联产项目的产品相应成本较高,2
电力销售价格不能覆盖电力成本,2
推进产品研发,2
农牧和食品板块持续贯彻质量方针,2
公司包头二期新产能顺利释放,2
深化“四降两提”,2
PET产品销量增长不及预期,2
公司经营业绩受到了重大不利,2
加大产品研发和投放的力度,2
双提升工程的实施,2
上海疫情管控,2
公司订单承接及开工生产等环节均有所延迟,2
海外子公司股权处置收益,2
营业收入同比略降,2
印尼一期100万吨氧化铝项目的达产,2
公司会计政策,2
公司笼位规模翻倍增长,2
提升产品供应能力,2
国内疫情防控形势将逐渐企稳,2
公司作为北京2022年冬奥会和冬残奥会的特许生产商和零售商,2
加强对客户的服务能力,2
新冠疫情复发,2
公司营业收入较去年同期略有增加,2
司法划转,2
换热器效能、电机能效升级,2
加大研发力度,2
公司积极开拓市场,2
大中型客车销量增加,2
原材料价格的上升,2
应收账款账期略有延长,2
折旧费用摊销,2
国内局部地区疫情反复,2
公司销售回款不及预期,2
北京、上海、深圳等多个超大城市疫情反弹,2
缩短应收账款的回款周期,2
内外销均保持增长,2
计入当期损益的政府补助,2
控制低毛利业务的规模,2
新能源汽车行业景气度持续提升,2
银行贷款及中期票据较去年同期增加,2
公司销售的主业板块产品结构有所变化,2
物流受限,2
疫情形势逐步稳定,2
生产成本同比大幅上升,2
供应端市场竞争激烈，订单价格呈下滑趋势,2
市场供求关系,2
拓展新渠道和新市场,2
磁浮相关研发项目、试验线及其配套工程达到预计可使用状态结转至资产,2
Airwork公司终止同奥林巴斯公司合作,2
国防信息化建设与电力调度通信建设项目需求稳定,2
股民诉讼案件和解赔付及预计负债带来相应的费用,2
销售价格较上年同期显著上涨,2
运营商的供货价格有所提升,2
新项目入场前期费用,2
售电价格无法上调,2
生猪养殖成本较去年同期增长,2
公司装备综合服务业务整体稳定发展,2
原材料价格处于高位,2
原材料价格普涨,2
脂肪醇等主要原材料价格上涨,2
设备市场发展,2
新冠疫情态势复杂多变,2
我国疫情管控,2
公司不断提升运营效率,2
俄乌市场受阻,2
上游原材料及配套辅料涨价,2
保持产销量的持续增长,2
新能源行业持续快速发展,2
市场持续开拓,2
新冠疫情持续冲击,2
部分矿井在建工程转固,2
下游纺织企业采购新疆棉更趋谨慎,2
产业一体化比例逐步提高,2
公司与主要客户针对原材料价格上涨,2
提前布局自身产品升级,2
下游客户对锂盐保持强劲需求,2
上游原材料价格大幅上涨,2
营业收入同比大幅度下降,2
集采定价,2
应收账款增加,2
客户产品结构调整,2
氨纶产品毛利润减少,2
优化产品结构,2
优化生产工艺,2
公司在市场开拓、项目交付等方面受到一定影响,2
汇率波动同比增加的汇兑损失,2
公司新签订重大合同,2
公司收入增速大幅放缓,2
公司营收同比增长,2
更多的跨区贸易,2
国内疫情“多地局部爆发”,2
公司主营业务收入平稳增长,2
自动化、智能化解决方案的成功应用,2
公司经销商渠道、供应链业务、校餐、餐饮等终端销售业务都受到不同程度的影响,2
公司成本、费用得到有效的管控,2
对公司的签单、实施、交付验收造成一定困难,2
销售下滑,2
优化“云网融合”产业布局,2
国内经济下行,2
上海进入全面恢复正常生产生活阶段,2
公司基于核心产品进入国家基本药物目录的优势,2
轻松竖版3D手游《完美世界：诸神之战》正式上线,2
国际地缘政治风险加剧,2
生产基地的租金上涨,2
经营管理层和全体员工的共同努力,2
降低经营成本,2
大力拓展新能源市场,2
强化密码在电子政务、新基建、能源、交通、互联网等领域典型应用场景的应用,2
功能性高分子材料(PVC)项目自投产以来，产销稳定,2
公司固定资产规模不断增长,2
公司销售收入增加,2
公司装备类业务出现订单交付延期或项目进度不达预期,2
进口木浆粕运输受阻,2
商用车行业产业链供应链经历了有史以来最为严酷的考验,2
南京市居民阶梯用气量标准调整,2
上海全市实行严格的疫情防控措施,2
公司进一步推进战略目标落地,2
价格波动,2
毛利率有所下降,2
增加防疫物资、信息系统、设备的投入,2
海外因销售结构变化,2
清洁能源转型,2
精致且差异化的产品矩阵,2
业务人员和其他研发投入相应增加,2
化学品业务经营情况得到进一步改善,2
公司产品价格提升幅度低于生产成本上涨幅度,2
新产品研发和技术改造,2
公司进一步加大对研发项目的投入,2
公司加强精细管理,2
长时间疫情封控,2
优化资产结构,2
联合采购办公室取消中选资格,2
高毛利产品增速较快,2
公司各业务板块实现稳健经营,2
前期已单项减值的应收款款项收回,2
“防沉迷”整治提升审核难度,2
公司“胶原+”系列产品的不断深入推广,2
深度挖潜,2
对公司利润起到了主要的支撑作用,2
融资额增加,2
猪价整体仍处于低位,2
循环经济产业优势凸显,2
原材料成本和全球物流成本上涨,2
公司业务的不断拓展与发展,2
人民币兑美元汇率整体上行,2
参股公司经营业绩提升,2
公司进一步加大研发投入,2
聚甲醛、黄磷、饲钙产品价格同比上涨,2
综合管理效益持续提升,2
纤维素醚系列产品深入挖潜,2
两期股权激励成本,2
塑料型材销量同比下降,2
新接入订单的陆续交付,2
公司产品结构的不断丰富,2
极海半导体持续推出更多车规级芯片,2
下游新能源产业的光伏玻璃、碳酸锂应用需求增长,2
公司自身在手合同充足,2
扎实提升核心竞争力,2
加大资产盘活力度,2
规模效益持续释放,2
新能源行业景气度持续提高,2
健身线下培训业务受阻,2
对外投资,2
"转让参股公司TaosData,Inc.部分股权取得1865.71万元投资收益",2
光伏产业通过持续拓展欧洲等多个市场,2
集采落地,2
提高公司盈利能力,2
数据合规服务项目的加速推进,2
产品结构进一步改善,2
公司本期营业收入,2
产能利用充分,2
纳米微球底层制备技术创新优势,2
国内LNG价格持续处于高位运行状态,2
销售规模稳步提升,2
产品的陆续交付,2
原油价格的上涨,2
全球消费电子市场需求持续放缓,2
公司深入开展精细化管理,2
经营形势总体向好,2
市场对稀土永磁材料的需求稳步增长,2
大力推进研发创新,2
锂电池产业链景气度持续提升,2
技术创新拓展下游新应用,2
供应链受阻,2
产销量有所提升,2
对外负债本金减少,2
引进了专业人才,2
公司未有房地产开发类项目集中交付,2
公司主导产品纯碱销价、销量较上年同期均有较大幅度上涨,2
生产要素组合持续优化,2
公司克服了疫情的不利影响,2
公司持续优化调整市场和产品结构,2
提升内部组织能效,2
公司原材料采购价格持续处于较高位,2
新能源汽车需求的持续上涨,2
销售毛利率同比增加,2
旅游行业持续低迷,2
国内、国际玻纤纱市场需求旺盛,2
公司燃料成本居高不下,2
公司产品交付能力提升,2
精准营销,2
经济环境复杂变化,2
无法正常生产,2
原料采购、产品销售、成本等方面进行严格有效管控,2
电极箔产品需求减少,2
公司对通用物料进行了充足的库存储备,2
科学组织生产经营,2
持续优化产品结构,2
市场订单量充足,2
产品市场需求增加,2
公司大客户需求降低,2
公司加强费用管控,2
提高产品的市场占有率,2
公司客户订单需求下降,2
流程重组,2
市场需求增加,2
发行人2021年上半年业绩基数较高,2
公司光缆类产品毛利下降,2
无法入场实施,2
冰鲜业务进一步扩展,2
九华山风景区疫情防控政策收紧,2
公司主要客户（主机厂）停工停产,2
利润率增长,2
拓宽融资渠道,2
联营单位盈利水平提高,2
订单同比有所增长,2
新能源行业的快速发展,2
氯化钾及碳酸锂产品市场价格持续上涨,2
下游碳纤维、集成电路产业快速发展,2
公司营销业务管控模式优化调整,2
石墨化加工产能紧张,2
委托他人投资或管理资产的损益,2
产品盈利能力提升,2
加强集团管控,2
成本控制的有效推动,2
下游市场需求低迷,2
磷矿石价格上涨,2
推行精益化管理,2
抢抓有利市场行情,2
国际原油价格上涨,2
北美新的一轮房屋交付交易高峰的来临,2
人民币贬值使公司汇兑收益有所增加,2
价格调整速度、幅度慢于原辅材料涨幅、涨速,2
公司光纤产品销量增加,2
安全环保生产,2
市场竞争加剧,2
公司对应收账款计提信用减值损失,2
疫情带来的不利影响,2
零售ToC业务占比提升,2
公司产品竞争优势,2
疫情的不断反复,2
推进体制机制创新,2
强化成本管控,2
公司物料搬运设备保有量的持续攀升,2
商品煤销量同比下降,2
预焙阳极产能释放,2
下游市场消费表现较为疲软,2
脂肪醇等主要原材料价格大幅度震荡波动,2
长期被压制的市场需求得到一定程度的释放,2
国内新能源汽车渗透率的大幅提升,2
业务规模稳中快升,2
理财产品年化收益率同比下降,2
已建成的搬迁项目在报告期内逐步稳产达效,2
公司技术优势明显,2
强化供应链管理,2
新的监管标准,2
公司生产成本居高不下,2
产品结构的进一步优化,2
新能源板块延续去年发展态势,2
非洲区域市场业务迎来快速增长,2
拆迁已停产,2
已售商品房本期达到收入确认条件的情形较少,2
集中化、全球化采购,2
玻纤行业景气度的持续提升,2
不断加大研发投入和人才储备力度,2
优化业务整合,2
稀土商品的市场价格较上年同期上涨幅度较大,2
扩大市场布局,2
产销量同比增长明显,2
公司基本面发生正向改变,2
冶炼工艺调整,2
战略转型发展思路,2
公司优化融资结构,2
公司采取的应对措施逐步显现效果,2
优化工艺结构,2
国内大量铸造企业和汽车零部件生产企业开工不足,2
公司加强供应链管理,2
供给紧张,2
国际石油价格上涨,2
公司产品服务的光伏行业市场行情持续向好,2
美元兑人民币汇率的逐步趋稳，公司产能的逐步释放,2
国内疫情呈快速多发态势,2
精致且差异化的产品矩阵助力升级用户体验,2
良好的市场形势,2
原材料价格提升,2
资产减值损失同比减少,2
费用增速低于销售增速,2
强化品牌建设,2
产业链发展战略,2
为稳定收入,2
生产效率提升,2
股份支付费用摊销,2
多样化的品牌推广,2
公司整体营业收入持续稳定增长,2
美国FDA禁令的解除,2
风电行业抢装后阶段性需求滞后,2
公司经营成本较大幅度增长,2
原材料整体价格大幅上涨,2
公司成本控制能力进一步提升,2
公司产销保持增长,2
公司储能业务实现突破,2
提高资金使用效率,2
毛利下降,2
汇兑收益同比增加,2
公司经营状况和盈利能力得到有效改善,2
半导体国产替代加快,2
战略布局产业链一体化,2
保持了二季度的正常生产经营,2
部分工程类项目实施不及预期,2
成本费用因固定成本较大并未同比例减少,2
医药中间体销售量下降,2
产能顺利释放,2
价格同比下降,2
快速转产扩产,2
产销两旺,2
国际成品油运价大幅上涨,2
灵活应对市场,2
公司实施品牌战略升级,2
主营产品销售季度环比量价齐升,2
融资环境,2
价格上涨,2
放开燃煤发电电量上网,2
公司新建产能的释放,2
数字管理,2
毛利率提升,2
芯片短缺,2
降低融资成本,2
降低了工厂的制造费用率,2
公司募投项目投产后装置平稳运行,2
210产品差异化,2
切片成本的降低,2
全资子公司辽宁先达一期、二期产能释放,2
国内面板产能持续增加,2
公司装备类业务出现订单交付延期,2
客户需求放缓,2
国内主要经济区域加快复工复产,2
光罩费等流片投入增加,2
公司紧抓锂电池隔离膜业务的行业发展机遇,2
公司单独进行减值测试,2
科学组织生产,2
量价齐升,2
加大新产品研发力度,2
加强区域营销平台建设,2
公司高端自动化、智能化起重机项目订单高速增长,2
特色工艺+先进制程双路径发展,2
有色金属产品市场价格同比上升,2
终端需求疲弱,2
公司单晶硅业务按计划拓展，已投资的单晶硅业务全面达产,2
大型项目招标推迟,2
公司风机交付规模上升,2
销售、管理及研发费用上升,2
电煤价格同比上涨,2
疫情得到有效控制,2
新能源汽车用铝板带箔产品可广泛应用于汽车动力锂电池部件材料及新能源汽车三电系统中的热交换领域,2
设备销售价格上调仍需一定的缓冲期,2
公司产品HCFC-142b价格同比涨幅较大,2
收缩了大客户的风险订单,2
公司单位产品的制造成本有一定的上升,2
锂资源需求不断攀升,2
深耕内部管理,2
国外市场需求上升,2
推进生物质化工产业发展,2
缺少关键芯片,2
下游产品PVDF需求的增长,2
为应对外部环境挑战,2
实现满产等相关工作,2
提升经济效益,2
劳务成本上涨,2
数字施工业务克服疫情困难,2
国家“双碳”战略实施,2
库存清理,2
公司医药业务销售订单饱满,2
产量释放不及预期,2
订单价格呈下滑趋势,2
规模效应逐渐凸显,2
生活垃圾焚烧发电业务产能进一步释放,2
全球经济持续低迷,2
应收资产转让款,2
非手机板块业务显著增长,2
新冠疫情较为严峻,2
次氯酸钠产销量增长,2
社保民生行业高速发展的趋势,2
与上游供应商紧密合作,2
食品加工、碳纤维、集成电路产业快速发展,2
拓展新业务,2
公司部分主要原材料的价格上涨,2
能源网络和信息网络业务占比持续提升,2
公司氯化钾产品市场价格较上年同期大幅上涨,2
“高速低噪”的高端产品的设计加工能力上具备优势,2
美元汇率持续走高,2
公司积极部署,2
管理效率、执行力有效提升,2
大量在沪工程项目停工,2
公司营收和利润较上年同期均取得大幅增长,2
海外户用逆变器市场需求持续旺盛,2
国内疫情多点爆发,2
销售价格的下滑,2
调整异丙醇胺产品结构及销售区域,2
盐化工市场持续回暖,2
单位成本增长,2
公司售电单价同比增加,2
公司产品供不应求,2
公司收到征收补偿款用于购置常州市南广场花园商业房款,2
加剧了染料行业供大于求的局面,2
销售费用增幅较大,2
加强预算管控,2
北京金汉王云计算数据中心全面进入稳步上架阶段,2
公司闲置茧站拆迁收益,2
主要子公司生产地发生新冠疫情停工停产,2
终端产品销售情况不及预期,2
优化各业务板块经营,2
确保市场总体稳定,2
公司扩产技改项目加快建成投产,2
公司黄石、潼南两大基地运营的协同效应持续向纵深发展,2
新冠检测业务订单继续保持稳定增长,2
地缘政治事件的扰动,2
公司整体融资利率下降,2
全球营销网络在疫情期间发挥突出的竞争优势,2
公司产品销量增加,2
公司部分投资项目2022年6月底股价较年初跌幅较大,2
新基建基础设施的优势,2
复杂的外部经营环境,2
浮法玻璃业务板块主要原燃料价格大幅上涨,2
合理组织生产,2
市场对新型冠状病毒（2019-nCoV)核酸检测试剂盒及核酸检测仪器、相关耗材的需求持续,2
自身市场竞争力不断提升,2
扩大市场战略布局,2
负极材料业务下游市场需求持续旺盛,2
公司承担了部分芯片现货差价,2
推进精益化管理,2
产品销售情况受到较大不利影响,2
加大与地方政府和企业在数据收储和合规流通方面的合作,2
锂盐产品价格持续上涨,2
线下消费场景遭到较大冲击,2
煤炭市场供求关系,2
放映业务与内容板块的营业收入,2
部分化工料和能源价格大幅上涨,2
公司产销同比显著下降,2
长时间的各地疫情封控政策,2
公司营业收入及毛利率均同比下降,2
旅游和商务出行均受到大幅影响,2
公司部分募投项目建成、转固定资产并计提折旧费用,2
特种箱业务板块聚焦重点品类规划,2
金融环境变化,2
工期拉长,2
加大对自主科技产业的培育,2
休闲游及商务差旅消费需求均受到限制,2
草甘膦、酰胺类除草剂、氯碱产品市场需求旺盛,2
公司积极发展CDMO业务,2
协调内外部资源积极应对,2
差旅受限,2
泛行业芯片普遍短缺,2
整体运行稳定,2
公司2022年半年度产品销售收入较上期下降,2
强化技术创新,2
环氧丙烷行业运营艰难,2
公司优化商品结构,2
全球液晶显示面板价格回落,2
成本维持在较为合理区间,2
优异的技术表现,2
公司设计咨询、机电工程系统交付、设备制造三大主要业务快速发展,2
提高公司的精益生产能力,2
提升了产品性价比,2
公司部分国外原材料供应出现一定程度紧缺,2
深化与重要战略客户的合作力度,2
需求端国内外居民消费需求大幅下降,2
公司加大回款力度,2
原材料高位运行,2
公司项目的持续投入,2
公司业务结构调整,2
板带业务同比有较大增长,2
公司建立的稳定的销售渠道,2
公司整体抗波动能力进一步增强,2
无线通信模组及解决方案业务订单充足,2
实现在质量、交期、成本上的竞争优势,2
疫情所带来的交付影响逐渐减弱,2
超硬材料行业景气度持续高企,2
公司使用的主要原材料发生较大幅度地持续上涨,2
全国疫情防控措施全面升级,2
建设速度不及预期,2
增强了下游客户的采购信心,2
为客户提供更多的增值服务,2
国内外物流成本上涨,2
大宗货物贸易,2
优化改造,2
俄乌冲突,2
吨布辅助部门固定费用增加,2
公司有机氟化学品业务主营系列产品受到市场青睐,2
公司产品市场竞争加剧,2
公司关停恩施分公司向政府处置固定资产和无形资产产生的资产处置收益增加,2
新开工订单项目不足,2
会展业务基本停滞,2
公司在售的自营房地产项目较少,2
产销量稳健增长,2
公司依诺肝素钠制剂在全球各区域持续发力,2
湖北锂电工厂的投入,2
主营产品景气度高,2
粮油原材料采购成本持续上涨,2
石墨化自供率水平提升,2
汽油价格一路高涨,0
广告营销市场整体收缩,0
长时间封控,0
嘉联支付2021年对市场渠道、银行合作建设以及商户端补贴的投入,0
油气开采产品下游需求持续复苏,0
合理的减租免租安排,0
下游客户分批次实施采购计划,0
加强供应端各环节的管理,0
施工进度放缓,0
费用支出的前置性,0
“双碳”政策的落实,0
公司内部管理效率不断提升,0
公司的资金量更充裕,0
不断优化经营效率,0
交付受限,0
开工不足,0
旅客吞吐量和起降架次大幅下降,0
主力矿山如期建成投产、达产,0
全球通货膨胀,0
客户对公司动力电池精密结构件需求持续提升,0
重点活动取消,0
存量产品生命力不断激活,0
人员规模增加,0
加大市场开拓力度使订单同比有所增长,0
热电业务煤炭价格上涨,0
提升业务毛利率,0
小麦价格持续上涨,0
在手订单较为充足,0
压缩企业盈利空间,0
公司营业收入同比减少,0
全球动力及储能锂离子电池市场呈现持续较强的增长态势,0
经营规模快速扩大,0
对应毛利无法覆盖研发费用等相关固定支出,0
境外市场开拓取得优异成绩,0
检测设备的检测能力逐步释放,0
推进与战略客户的合作优势,0
生产成本大幅增加,0
公司功能性材料在2022年一季度销售同比增长,0
在手订单积压,0
行业需求有所回落,0
新能源、新材料市场需求增长显著,0
公司所处的新材料行业保持良好发展趋势,0
公司产品毛利率水平得到提升,0
生产成本大幅上涨,0
公司提前布局，建立了稳定的供应链体系,0
公司内销收入减少,0
确认参股企业投资收益增加,0
防疫要求实施静态管理,0
公司餐饮、茶饮渠道不断受到疫情,0
业务盈利能力不足以弥补公司整体的各项费用支出,0
新增产能持续释放,0
新批次的采购有所滞后,0
传统类包装铝箔下游市场需求依旧旺盛,0
加快产品迭代创新,0
公司产业链向下游延伸,0
房地产大环境,0
品种煤洗选能力持续提升,0
产品线扩张,0
射频模组产品市场开拓力度,0
锂离子电池厂商加速产能扩张,0
新能源行业发展趋势持续向好,0
实施主品战略,0
产能快速放量,0
公司产销规模同比增长,0
部分产品订单减少,0
公司毛利率基本稳定,0
持续技术提升,0
锆行业景气度的持续提升,0
产业链供应链运行不畅,0
航空、航天行业景气度向好,0
提质增效专题行动,0
公司开发整理的土地上半年未实现出让,0
公司下游客户订单规模大幅增加,0
政府工程实施,0
研发投入的增加,0
推进降本增效,0
下游市场需求变化较快,0
特种水产饲料和畜禽饲料业务均保持稳健增长,0
转让全资子公司股权事项,0
上游原材料价格上涨,0
物流限制,0
煤炭、电解铝产品售价同比大幅上涨,0
行业或公司的基本面发生变化,0
公司主要客户订单量增长,0
异丙醇胺总销量稳定,0
公司产品销售数量的大幅下降,0
终端市场正常营业受到影响,0
成本管控持续优化,0
公司临时停产检修,0
改善内部管理,0
国内多个城市疫情反复爆发,0
对线下门店动销产生持续影响,0
全产业链及规模化优势,0
美国市场恢复,0
国内分级诊疗,0
生猪养殖业务亏损,0
投资永泰生物,0
加强光伏设备的市场开拓,0
国内空港装备市场需求未如期复苏,0
出入口车流量下降,0
能源、物流成本不断增加,0
当期营业收入的减少幅度较大,0
母公司扩产的产能逐步释放,0
业绩变动,0
盐板块业绩大幅增长,0
一季度公司应收款项回款较好,0
公司费用同比大幅增加,0
人员流动管控更加严格,0
软件开发及技术服务项目,0
新建磷酸铁装置产能释放,0
紧推项目建设,0
公司刀片电池切刀、精密模具裁切等业务稳步提升,0
棉花、棉纱等主要原料的上涨幅度较大,0
产业链、供应链的不稳定,0
国外销售订单较为饱满,0
国际油气价格持续高位运行,0
封控,0
公司产品的主要原材料价格居高不下,0
电力成本与价格不匹配,0
加快市场建设,0
收到仿制药质量和疗效一致性评价奖励,0
销售收入增加,0
国家科研课题项目完成结项,0
积极布局春节旺季,0
国内多地疫情散发频发,0
公司销售毛利率有所下降,0
光伏行业整体景气度高,0
发放期权增加员工费用支出,0
公司金属工具箱柜类产品毛利率有所提高,0
公司品牌知名度较高,0
可转债转股数量较少,0
公司“人社运营及大数据服务”业务也迎来了高需求增长,0
收回坏账,0
大豆油、蛋品、棕榈油、大豆蛋白等部分原材料价格上涨,0
销售毛利率同比提高,0
原材料价格上涨成本大幅增加,0
项目交付、验收主要集中在下半年尤其是第四季度,0
国际形势复杂严峻,0
公司项目的实施进度滞后,0
公司将已交货并客户签收确认部分确认为收入,0
疫情多点散发,0
国内各地疫情爆发,0
行业终端市场毛利率水平受到挤压,0
对原料采购、产品销售、成本等方面进行严格的管控,0
产品结构优化升级,0
财务费用增加,0
东北地区生猪存栏量整体下降,0
公司外销业务的营业收入及毛利额均有提升,0
盐化工市场出现利好,0
新能源汽车行业及电化学储能行业的高速发展,0
公司管理费用、销售费用及研发费用的发生在各个季度较为平均,0
建筑装饰业务订单减少,0
油气销售价格同比上升,0
持续加大广告宣传与营销活动推广力度,0
负极原材料价格大幅上涨,0
饲料价格处于高位,0
原燃料价格大幅上涨,0
国内纺织企业减产,0
设备销售,0
公司锂电池订单饱满产能增加,0
毛利率下降,0
地缘政治冲突,0
收到的政府补助规模较高,0
汇兑损益增加,0
市场供求,0
公司猪用疫苗等产品面临较大经营压力,0
天然气、电力、蒸汽等能源价格大幅上升,0
加速半导体装备的市场验证和推广,0
公司生产经营呈现良好态势,0
加快重大资产重组后明珠矿业的整合,0
在手订单的进一步增长,0
公司下游行业需求持续向好,0
风电场开工审慎,0
新厂区厂房、设备开始计提折旧,0
全球化采购,0
加大研发投入和人才储备力度,0
运输市场基本面的萎靡,0
扩建产能的逐步释放,0
互联网保险、金融业务受到强监管,0
减租免租安排,0
公司主要产品产能利用率高,0
营业收入同比大幅度增加,0
在原料采购、产品销售、成本等总体管控良好,0
提高内部管理水平,0
提高毛利,0
强化风险控制,0
鳗鲡苗种渔获量大幅下降,0
纯销增长,0
经济增长放缓,0
藏格锂业碳酸锂产品销售价格持续上涨,0
公司股价上升,0
铜、铁件等原材料价格波动剧烈,0
上海的子公司近80天无法正常进入办公场所办公,0
实施股权激励确认股份支付费用,0
刚需增加,0
完美世界：诸神之战》正式上线,0
公司财务状况良好,0
强化产品价格管控,0
毛利率结构变化,0
发行人销售规模持续扩张,0
疫情防控措施升级,0
粮油产品的终端市场销售价格未能实现同步上涨,0
提升品牌、质量、效益,0
新产能的有效释放,0
融资成本上升,0
公司强化成本管控,0
新型冠状病毒引发的肺炎疫情,0
胰岛素国家专项集采落地,0
公司不动产租赁项目集中在上海地区,0
长时间的停产,0
加大研发投入,0
钢材价格逐渐呈现下调趋势,0
在研品种研发投入同比增长,0
部分产品自动化生产线投产,0
环氧树脂、覆铜板下游市场需求不振,0
国家风电政策退坡,0
建筑工程开工不足,0
能源网络业务实现快速增长,0
处置固定资产产生的收益,0
加大片库的发行力度,0
提升公司竞争力,0
扩能提标改造,0
图书印制、发行、物流配送等业务活动无法正常开展,0
盈利能力提升,0
部分客户应收款项收回,0
确保自蒙古国矿山到国内终端用户的稳定供应,0
全球新冠肺炎疫情（以下简称“疫情”）仍处于流行态势,0
公司整体盈利能力进一步增强,0
公司主营业务软件和解决方案项目实施的正常工作量减少,0
促进产品销售,0
煤炭市场需求旺盛,0
市场需求减少,0
推出新品,0
公司对原控股股东的违规债务和解,0
加强内部管理与营销工作,0
在建项目充足,0
保持产销顺畅,0
上网电量相应增加,0
美元兑人民币汇率升值,0
公司采购成本上升,0
经济下行,0
公司新兴业务稳定发展,0
公司运营成本,0
游戏产品授权收入较上期减少,0
减少费用支出,0
出口国外的防疫产品价格较高,0
公司核心业务盈利能力持续稳步提升,0
用户的政府采购进度亦因疫情延迟,0
新品验证定型,0
公司持续调整销售政策,0
主要原材料PVC粉价格持续处于较高位置,0
环氧丙烷需求减少,0
人民币对美元贬值,0
光伏封装胶膜产品的生产产能持续爬坡,0
营业收入同比下降，且营运费用、折旧摊销费用等需正常支出,0
公司生猪产能释放,0
优化产品结构、客户结构,0
公司和解协议顺利执行完毕,0
主要OEM客户重点车型销量增长,0
客户产品价格调整基本完成,0
脂肪醇（酸）系列产品营业收入增长较快,0
保障总体供应,0
持续优化营销市场布局,0
加快项目建设落地,0
公司不断加大研发投入和人才储备力度,0
产销量的提升,0
公司捷顺科技中心项目转固,0
疫情缓解,0
运输费用上涨,0
新能源汽车、风电、绿色家电等领域发展势头持续向好,0
全国多地疫情反复,0
跨地区物流受限等多方面因素的影响于3-4月份停产,0
租赁市场整体平均空置率提高,0
汇兑收益增加,0
应收款项规模的下降,0
安全即时通讯在党政、央企的规模化应用,0
头部客户加速放量,0
新能源行业快速发展,0
非洲刚果（金）卡松巴莱萨-萨卡尼亚道路与陆港的现代化与改造项目的道路开通试运营,0
施工项目暂未结算形成的合同资产较多,0
两只并购基金上半年继续计息,0
提升经营管理质量,0
汇率变动,0
人民币兑美元呈现贬值态势,0
玉米淀粉、豆粕等原材料和煤炭价格同比去年大幅上涨,0
提高生产效率,0
锂电池产业链整体景气度持续提升,0
产品销售价格调整,0
人民币兑美元汇率贬值,0
挖掘供应链多元服务价值,0
应收账款账龄延长,0
公司所处行业发展趋势良好,0
品牌推广、电商平台投入较上年同期增加,0
与战略客户协同成长,0
公司产销规模略有下降,0
销售价格上涨,0
存量订单持续转化为收入,0
公司参股公司新疆天池能源有限责任公司（主要从事煤炭开采和销售业务）净利润增长,0
全国旋挖、挖掘机开工率严重不足,0
产品盈利能力有效提升,0
MCC品牌的销售收入占比增加,0
新冠疫情采取的封闭防控措施,0
效率与质量提升的技术装备陆续投入市场,0
新建产能逐步释放,0
内部精益管理水平的持续提升,0
未完全达产,0
饲料主要原料价格上涨,0
饲料成本较高,0
经营锂盐业务的联营企业大幅盈利,0
公司项目进度出现了延迟,0
冬奥特许商品市场需求旺盛,0
医药中间体产品下游部分客户需求迅猛增长,0
公司经营正常,0
订单消化,0
公司凭借良好的产品质量及研发能力,0
鱼货市场价格走高,0
相关省市对新冠疫情采取的封闭防控措施,0
公司医药中间体产品结构不断丰富,0
产能扩建进展顺利,0
下游市场需求增加,0
公司锂电池循环板块持续优化工艺,0
公司市场订单量充足,0
钢材市场低迷,0
公司在手订单增加,0
规模效应逐步体现,0
满足国内外客户的个性化需求,0
“大数据”、“互联网运营”和“服务”三大要素,0
原材辅料消耗得到有效改善,0
公司医药中间体业务较去年同期实现较大幅度增长,0
提升整体供应链竞争力,0
公司业务继续稳中求进,0
国家全面实施种业振兴行动,0
产能继续快速提升,0
精益化管理,0
提前谋划和布置,0
公司有股权转让收益,0
净利润与上年同期相比有较大幅度下滑,0
“盐”之有礼-盛夏钜惠答谢活动,0
公司销售电量、销售电价同比增加,0
营业收入同比大幅增加,0
股份支付费用,0
优化公司治理,0
投资收益增加,0
经营规模持续扩大,0
公司及主要子公司生产及销售不及预期,0
公司优化业务结构,0
石油供需格局改变,0
产品质量和一致性持续提升,0
收入下降,0
新型电子元器件板块企业的高可靠产品市场持续向好,0
公司湿法锂电池隔离膜产能持续提升,0
资本市场对经济形势持谨慎态度,0
政策性免租,0
产能利用率提高,0
发行人个别重要供应商和重要客户位于苏州和昆山等地区,0
供应链价格上涨,0
公司全资及控股的水电厂流域来水及水力自发电量同比大幅增加,0
提升精细化管控水平,0
安全生产相关政策要求,0
下游组件市场需求旺盛,0
多项购车利好政策,0
发行人下游叉车行业景气度持续高企,0
疫情扰动,0
光伏行业EPC项目建设开工及并网进程有较大幅度延缓,0
诉讼、仲裁败诉计提预计负债等非经常性损益,0
生猪价格较去年同期下降明显,0
纱线、印染等棉花下游企业库存积压,0
原材料价格持续上涨,0
下游应用和需求的拓展,0
公司IPO募投项目、超募资金项目、可转债募投项目相继达产,0
旅游和商务出行,0
实际有效产能进一步突破,0
毛利率水平保持基本持平,0
新型冠状病毒,0
未发生此类资产处置,0
取消优惠电价,0
经营成本同比降低,0
产能陆续释放,0
生产和销售周期,0
产品毛利减少,0
会计差错更正,0
行业低迷,0
公司继续加强国内与国际市场开拓和管理,0
金刚石单晶和培育钻石产品市场需求旺盛,0
下游主要企业停产限产,0
疫情停工停产,0
人民币兑美元处在高位,0
持续完善的全国服务网络,0
外汇汇率的波动,0
相关产品毛利率保持在较高水平,0
地区疫情封控,0
下游不同电池工艺对于硅片产品的更高要求,0
投资隆基绿能会计核算方法变更,0
PVT（光伏光热一体化）业务稳步推进,0
收入规模同比增长,0
生猪价格低位运行,0
非经常性收益较上年同期大幅减少,0
供应商制造及物流,0
新业务的拓展,0
新闻出版总署暂停发布游戏版号,0
市场需求发生阶段性萎缩,0
可结转收入较上年同期减少,0
无碱玻璃纤维粗纱池窑拉丝技术生产线项目扩产的产能释放,0
公司提升内部管理效率,0
胶原蛋白系列产品业务稳步发展,0
内部精益化管理水平的持续提升,0
公司产品结构不断优化,0
公司坚持市场首位,0
市场形势变化,0
蒙煤通关量持续回升,0
产品力提升,0
新基建、新能源、工业数智化等发展赛道,0
市场竞争激烈,0
公司持续布局自主业务和面向未来的赛道,0
降低运营成本,0
工业金刚石产品市场需求旺盛,0
公司销售收入较上年同期有较大增长,0
需求不振,0
客户的装机量有所收缩,0
公司2022年上半年经营业绩同比产生较大幅度波动,0
上游原材料价格居高不下,0
海外疫情放缓,0
新开工面积大幅下降,0
订单充沛,0
划小经营单元,0
公司在保持收入高速增长,0
公司员工队伍逐步壮大,0
储能业务实现突破,0
海运费高位运行,0
正极材料产品销量同比大幅增长,0
银行借款增加,0
下游市场需求旺盛,0
公司加大技术投入,0
地方政府高度重视防疫抗疫工作,0
部分设备订单需求也有所延迟,0
主营业务利润的大幅提升,0
员工出行不便,0
单位成本大幅增加,0
铝沪伦比值进一步回落,0
锂电材料和锂电设备的需求持续增加,0
规模效益显现,0
客户提货周期,0
盘活资产,0
餐厨项目公司纳入合并报表范围,0
产品价格持续下探,0
供货量减少,0
新冠疫情停工停产,0
产品精品化、多元化和市场全球化策略进一步深化,0
扩产产能逐步释放,0
煤炭产能逐步释放,0
提升人均产值,0
燃煤价格同比升高,0
工业房地产拆迁补偿,0
公司充足的现金流,0
海外逐渐放开疫情管控措施,0
公司国际市场在保证业务订单稳定供给,0
上游供应链供货受阻,0
功能性高分子材料(PVC)项目自投产,0
定量装、小商品以及量贩装产品,0
利润出现较大幅度亏损,0
疫情不断反复,0
公司开展提质增效,0
医药研发生产外包趋势持续强化,0
四氧化三锰产品盈利水平大幅提升,0
公司面临来自市场、业务、资金和人员等多方面的较大经营压力,0
产品价格和产量稳定,0
公司在实施的PCCP项目、环保工程项目等进度出现延迟,0
主营产品销售结构进行持续的战略调整和优化,0
公司清洁能源业务经营成本大幅提高,0
生产装置稳定运行,0
增加了原材料采购成本,0
《幻塔》手游将于近期在海外多地开启测试,0
国内疫情防控,0
材料价格大幅上涨,0
成本管控,0
核心产品产能利用率和运营效率持续爬升中,0
政府补助及理财收益,0
国内新冠肺炎疫情多点散发,0
镨钕类稀土产品市场价格较上年同期升高,0
经济结构调整,0
深化混合所有制改革,0
全球消费电子需求略显疲软,0
综合成本进一步下降,0
公司线路所处上海、北京等地防控形势特别严峻,0
公司主要产品单价跟随主要原材料价格上涨,0
公司重点项目陆续实现收入,0
活动节奏产生影响,0
持续的生产技术、生产工艺的优化,0
业务规模持续扩大,0
原辅材料价格上涨,0
产能逐步释放,0
毛利率因产品组合较好同比略有提升,0
体育援助项目延期,0
下游客户对服务需求的增加,0
公司贸易业务增加,0
非苹果产业链客户如VIVO、脸书等开始批量采购公司产品,0
提升产品性能,0
公司的经营恢复正常,0
多发多供,0
公司营业收入下降,0
俄乌冲突爆发,0
汽车电子（含燃油车与新能源汽车）、光伏逆变和光伏储能等新兴应用领域兴起,0
公司抓住困境资产管理行业发展机遇,0
相关毛利可以足额覆盖对应固定费用支出,0
企业文化培育,0
加强市场拓展,0
持续优化客户结构,0
游戏出海,0
强化内部管理,0
新疆地区原煤生产保持较快增长,0
产品成本一定程度上升,0
公司积极推进并大力实施雪亮工程、应急广播、天网工程、阳光校园・智慧教育等智慧广电工程和高速公路点位监控、疫情防控监测等重点项目,0
下游客户对锂电池材料产品需求强劲增长,0
新技术新设备的投入,0
下游项目开工不足,0
优化完善产业链及产品结构,0
面向政企客户的大数据服务项目受疫情影响落地延后,0
新型冠状病毒肺炎疫情,0
加大技术改造,0
公司在报告期内有一部分原材料库存收益,0
子公司股权转让,0
公司2021年度实施了员工持股计划,0
订单充足,0
产品维度加速升级,0
高效组织产品生产及调运,0
公司制罐与灌装的产能都得到充分释放,0
投资收益下降,0
部分原辅材料、电费价格上涨,0
主要生产因素天然气价格上涨,0
丙烯酸甲酯（MA）等原材料价格大幅上涨,0
指纹模组业务、天线业务收入同比下降,0
市场需求旺盛,0
公司处于厂区搬迁状态,0
产能升级改造,0
现金管理产品收益较上年同期增加,0
纯电动汽车战略客户的批量推进,0
公司新行业新领域拓展顺利,0
公司新产能有效释放,0
公司电池化学品业务市场需求旺盛,0
公司投资的产业基金所投资的嘉和生物股票价格较同期下降,0
处置子公司股权所带来的投资收益,0
库存皮棉积压时间长,0
"为公司创造新的,稳定的利润增长点",0
加大内容集成力度,0
供应时间拉长,0
不断完善产业链布局,0
在手订单增长,0
贷款规模较去年同期增加,0
国内疫情防控形势趋于平稳,0
下游客户更多预算和资源投向常态化疫情防控,0
新增投产项目,0
营业收入稳定增长,0
深圳市富诚达科技有限公司亏损金额大,0
光伏硅片产品受到客户普遍认可,0
新产线的逐步投产,0
己内酰胺及配套装置等建成投产,0
出口物流受阻,0
公司有机氟化学品业务主营产品及在半导体等领域含氟新产品销售规模扩大,0
宏观环境带来的困难和影响,0
公司持有的非流动金融资产公允价值变动,0
浆板、煤炭等原材料价格同比上涨幅度较大,0
部分资产出现减值,0
新能源汽车渗透率的日益提升,0
公司抢抓市场机遇,0
扩大产能,0
增加销售力度,0
风电行业在退补,0
汽车电子市场规模持续上升,0
人民币贬值,0
公司证券投资亏损,0
前期与客户项目合作开发阶段投入的研发费用增加,0
新产能的逐步释放,0
保持较好的产能利用率及产销率,0
正在建设中的子公司管理费用上升等成本费用,0
研发费用的持续投入,0
多元化的产品、业务发展思路,0
保障市场供应,0
煤炭行业景气度得以延续,0
美元走强,0
股东表决权比例,0
公司成本大幅增加,0
银行短期借款的利息支出所形成的财务费用,0
房产项目出现竣工交付延迟,0
工程结算及客户回款放缓,0
原料PET粒子价格在去年下半年连续上涨的基础上仍不断上涨,0
存货价值回升,0
加强生产过程管控,0
明胶系列产品业务稳步发展,0
挖掘产能潜力,0
焦煤销售价格同比上涨,0
工业4.0及柔性制造智能工厂生产方式在公司各产业板块的作业流程和作业场景的应用,0
房地产开发项目营业收入比重,0
房地产政策调控,0
疫情期间，公司主动承担社会责任,0
公司指纹模组业务、天线业务收入同比下降,0
原材料价格波动,0
打印复印通用耗材业务稳健经营,0
细线化、薄片化工艺改善,0
加强费用管控,0
调整产品结构,0
运营商整体业务增速放缓,0
无缝业务增长较快,0
公司业务迅速增长,0
大宗商品价格上升,0
生产企业库存高位运行,0
持续研发创新,0
物资集中采购,0
公司抓住机遇释放产能,0
供应链波动,0
车规级芯片短缺,0
加快新产能建设,0
提高部分产品售价,0
生产经营压力持续加大,0
石油价格持续上涨,0
实施替代方案,0
土地使用权摊销,0
公司业务订单未达预期,0
云托管、智慧停车运营等在内的新业务呈较快的发展态势,0
原材料供货紧张,0
云南神火铝业有限公司90万吨项目全部达产,0
市场竞争力提升,0
公司主要产品的原材料价格仍维持在高位,0
长沙沙河城项目结转收入同比增加,0
毛利率相对较高的半导体客户占比提升,0
产业园区综合管理服务业务逐步推进,0
原有在手CDMO项目陆续落地,0
处置长期股权投资及剩余股权转换为公允价值计量合计产生投资收益为3.08亿,0
公司会加强成本管控,0
新能源汽车行业快速发展,0
市场有效运力供给显著下降,0
公司加大激光技术、工业机器人、智能化产品的研发投入,0
订单较上年同期增加,0
原料价格的居高不下,0
公司已有合同项目实施及验收延期,0
主要大宗商品价格上升,0
公司所持国泰君安公允价值负向变动,0
丰城区域所属煤矿停产整顿,0
折旧摊销等固定成本的刚性支出,0
新材料应用产品研发,0
主要产品单位成本同比上升,0
销售未达预期,0
光伏领域用石英材料市场需求同比大幅增长,0
一季度占全年收入比重较低,0
销售均价同比上升,0
成本优化,0
产量下降,0
在手CDMO项目陆续落地,0
供应链的停滞,0
新冠疫情的有效控制,0
银行信贷收紧,0
产品结构优化,0
推进精益管理,0
项目周期拉长,0
挖潜增效,0
产品毛利率水平显著提高,0
二级市场股价波动,0
新冠肺炎疫情影响逐步降低,0
上游能源端，公司参股公司新疆天池能源有限责任公司（主要从事煤炭开采和销售业务）净利润增长,0
物流管制,0
公司经营状况良好,0
生产效率降低,0
公司食品加工出口业务表现良好,0
增厚公司主业业绩,0
战略布局产业链一体化并落好利科技地执行,0
钢材价格同比下降,0
交通物流受阻,0
“新冠”疫情在上海、江苏等地区不断反复,0
原材料价格上涨,0
降低了各项生产成本,0
市场波动,0
新能源汽车行业发展态势持续向好,0
海外业务规模的增长,0
加大成本管控,0
产能利用率较为充分,0
全球先进半导体客户服务不断扩大,0
毛利率呈现逐季回暖趋势,0
保证交付,0
合理的成本管控,0
借款额增加,0
扣除非经常性损益后的利润增速更高,0
公司本期盈利能力大幅增强,0
美金兑人民币汇率的波动,0
市场对新冠抗原检测试剂盒需求增加,0
维持基础设施即服务的本色,0
中国及国际销售结构变化,0
业务良好稳健发展,0
有息债务余额减少,0
派遣销售人员积极走访客户,0
苏州晶银进一步加强大客户战略,0
发行人收入同比平稳或伴有小幅增长,0
销售费用增长,0
公司通过技术创新，持续推出新产品,0
公司业务升级战略,0
公司产品竞争力不断增强,0
能源价格上涨,0
高附加值产品占比同比下降,0
大精煤战略,0
汇率波动,0
发展势头强劲,0
基于公司的技术积累,0
原辅料价格高位波动,0
实施公司股权激励计划,0
公司抢抓机遇,0
公司持有的美元资产在报告期内实现汇兑收益,0
良好的市场基础,0
电池片业务满产满销,0
项目主要产品价格的上涨,0
钢材价格大幅上涨,0
经销商渠道的低库存,0
新能源汽车行业持续高景气,0
持续优化生产工艺和产品结构,0
生产效率进一步优化改善,0
燃煤成本较上年同期增加,0
人员规模增长,0
临港物流板块精准研判形势,0
原材料的铝锭和塑料粒子采购价格均有较大幅度的上涨,0
分环节成本管控,0
人民币汇率贬值,0
消费减弱,0
公司不断加强资产管理,0
经营状况良好,0
物流及人员流动受阻,0
全国疫情防控形势好转,0
公司持续加强内部管理,0
交通不便,0
加大技术及市场等投入,0
经营场地退租补偿,0
公司进一步提高各业务流程的运行效率,0
公司钾肥业务预计将实现大幅度增长,0
投资者基于处罚事项对公司提起证券虚假陈述民事赔偿责任诉讼,0
强化创新驱动,0
防控措施,0
原材料及能源价格上涨,0
原材料价格虽然也在下调,0
疫情防控形势较为严峻,0
我国预制菜行业迎来快速发展,0
电池铝箔产品附加值相对更高,0
公司营业收入较上年同期增长,0
收入增长,0
先进产能加速提升,0
保证各类产品满产满销,0
营业收入下降,0
原辅材料和燃料动力价格同比大幅上涨,0
公司新产品小儿多种维生素注射液（13）、多种微量元素注射液等产品销量逐步增长,0
加强运营管理和成本管控,0
股权投资,0
提高研发水平和发行运营水平,0
公司偏光片业务持续稳健增长,0
保持了较好的毛利率和净利润率,0
公司仿制药持续放量,0
采购意愿不强,0
国际原油价格持续上涨,0
产品销量创历史新高,0
提升整体运营能力,0
“能效”提升,0
公司汇兑收益有所增加,0
存在未决诉讼,0
公司在核电、轨道交通等市场领域的高附加值订单占比提升,0
营销服务投入,0
公司正常运营,0
商用车产销同比显著下降,0
调整生产计划,0
公司紧跟行业趋势,0
整体经济下行,0
公司对产品的不断打磨调优,0
东方华康积极落实政府的疫情防控政策,0
公司产品高端化、产业一体化的经营战略实施取得了显著成效,0
房地产调控收紧政策,0
公司主营产品太阳能电池丝网印刷设备销量保持增长,0
水电项目资产收购产生收益,0
长短期借款较上年同期减少,0
资产减值风险呈下降趋势,0
原材辅料消耗得到持续有效改善,0
优化客户用能成本,0
公司加强内部经营管理,0
公司产品提价有一定缓冲期,0
国内外市场的有效开拓,0
原材料价格较去年下半年有所下降,0
发电成本增加,0
公司产销两旺,0
人民币对美元升值,0
公司积极履行社会责任,0
海外市场销售收入贡献占比不断提升,0
停产,0
原材料价格上涨影响新冠疫情,0
外销业务显著增加,0
美元汇率大幅上升,0
比较基数较小,0
公司持有的其他非流动金融资产期间股价下跌,0
公司相关产品产销两旺,0
业主方招标工作延后,0
工程机械行业需求下滑,0
物流不畅,0
加工差扩大,0
物流受阻,0
物流运输不畅,0
海外业务战略规划的推进和落地,0
大宗商品材料价格上涨,0
氯碱产品市场景气度较好,0
员工素养持续提高,0
加大产品销售和市场开发力度,0
国际集装箱运输供求关系较为紧张,0
主要原材料价格高位运行,0
汽车及新能源汽车领域、移动通讯领域、电子电气领域业务的增长,0
民用空气制冷深低温-86℃冰箱,0
疫情冲击,0
供应端和物流端的巨大变化,0
负极材料业务下游需求旺盛,0
公司主要产品成本上升,0
加大国际市场开拓力度,0
国内新冠疫情多地接连爆发,0
加强新产品及新兴市场的开拓,0
精细化管理,0
市场竞争,0
售价略有上升,0
利润空间收窄,0
新增在建生产基地的租金投入,0
与客户的合作关系更加稳定、紧密,0
提质增效,0
房地产行业投资持续低迷,0
公司生猪产能企稳回升,0
效率改善,0
前期投入项目产能释放,0
为共同应对疫情,0
公司智能交互显示设备原材料价格下降,0
逐步完善的一体化产业链配套,0
产能利用率持续提升,0
芯片供应,0
增加利息收入,0
公司产品品质稳定,0
国际国内新冠疫情反复,0
公司产品单位成本增加,0
煤炭售价同比上涨,0
公司粗纱产品价格同比明显提升,0
增值业务投诉政策越发严苛,0
降费降耗等措施,0
规模效应减弱,0
公司上海总部员工全体无法出勤到岗,0
公司单晶硅业务按计划拓展,0
风电零部件产品和物料搬运设备产品营业收入同比增长明显,0
部分原材料采购及产品交付延迟,0
积极应对产能短缺难题,0
公司对成本进行了优化,0
公司所属煤电机组发电量下降明显,0
我国汽车产业总体面临压力较大,0
百洋医药二级市场股价波动,0
部分项目合同尚在履行未到结算期,0
国家、地方政府出台的多重促进消费加快恢复措施,0
与客户合作关系日渐巩固,0
疫情逐渐平复,0
对产品成本影响的滞后性,0
紫外固化材料下游需求恢复,0
对比上年同期成本端负担大幅上升,0
合理安排生产,0
上下游企业停限产,0
PTC加热组件、车用传感器订单快速增长,0
优化定价机制,0
公司募投项目陆续投产,0
公司风电滚子、新能源汽车用钢球产品销售增幅较大,0
加强与客户的战略合作,0
摊销成本,0
国内新冠疫情反弹,0
生产经营恢复性增长,0
传统植物蛋白客户业务保持稳定,0
基建启动较慢,0
智能硬件业务持续开展,0
部分项目进度延迟,0
复杂的经济形势,0
供应链管理的优化综合,0
美国FDA禁令的解除，国内市场需求增加,0
现场施工调试受阻,0
商品房销售收入结转金额同比大幅增加,0
公司新产能的有效释放,0
产量和销量稳步提升,0
公司非公开募投项目稳步建设,0
协调内外部资源保证生产经营,0
公司市场订单大幅减少,0
产能大幅下降,0
公司网上商品交易收入增长,0
积极发挥公司一体化优势,0
公司各项业务快速恢复,0
订单获取、产品交付未达预期,0
经营活动受到重大影响,0
公司精细化成本管控,0
外部环境发生较大变化,0
大宗商品一直维持高位,0
客户不断增加,0
复杂多变的外部环境，公司采取有效应对措施,0
提高了公司的订单交付能力,0
全球新能源锂离子电池需求强劲,0
公司满足结转收入条件的房地产开发项目同比大幅增加,0
稳增长的政策基调,0
针对性的进行市场开发,0
纯碱、尿素行业维持高景气周期,0
业务开拓力度,0
产能正在逐步释放,0
上海封控期间的困境,0
对各项成本费用进行严格有效的管控,0
公司产能开工率逐步提高,0
封控措施,0
“高速低噪”的高端产品上的设计加工能力,0
公司非经常性损益金额较小,0
业绩规模增长,0
积极扩大市场份额,0
零售业绩欠佳,0
公司对内加大管理变革,0
部分职工分流安置,0
一季度净利润相对较低,0
高纯四氯化硅产品生产稳定,0
国内疫情防控形势好转,0
产品订单增加,0
大修费用增加,0
产量减少,0
新能源锂电材料需求持续快速增长,0
汽车产销出现较大波动,0
主营收入较上年同期有所增长,0
营业收入下滑,0
产能的逐步释放,0
订单持续保持增长,0
能量饮料客户业务继续保持快速增长势头,0
债务危机全面化解,0
公司营业收入有所下降,0
行业周期波动,0
公司顺利完成重整程序,0
压降成本费用,0
下游5G通讯、半导体以及医药等行业的快速发展,0
经调整的财务指标,0
电量统计天数同比增加,0
新产能的顺利释放,0
贵金属漏板加工技术工艺不断提升,0
